Segment,Priority,Company,Has_Program,Contact,Notes
"Dropshipping tool","A — join today","DSers","Yes (10-30% rev share, 12mo)","affiliate.dsers.com/register","Bulk AliExpress imports = misrepresentation/availability flags"
"Dropshipping tool","A — join today","AutoDS","Yes (20% recurring)","autods.com/affiliate","Also has AutoDS Blog for co-marketing; onboards beginners"
"Dropshipping tool","A — join today","AliDropship","Yes (30-100%)","affiliates.alidropship.com","Archetypal long-shipping/generic-listing suspension profile"
"Dropshipping tool","A — join today","Spocket","Yes (up to 30% recurring, lifetime)","spocket.co/affiliates","Resold supplier listings + shipping-time issues"
"Dropshipping tool","A — join today","Zendrop","Yes ($25/ref or 25% 12mo)","zendrop.com/become-a-zendrop-affiliate","China-sourced fulfillment, generic product pages"
"Dropshipping tool","A — join today","CJDropshipping","Yes (2% of orders 12mo)","affiliate.cjdropshipping.com","Trademark/IP risk + shipping delays"
"Dropshipping tool","A — join today","Dropified","Yes (30% recurring, up to 40%)","dropified.com/affiliates","Imports marketplace products at scale"
"Dropshipping tool","B","Syncee","Yes (20% lifetime + $25)","partners.syncee.co","Bulk-imported catalogs with thin data"
"Dropshipping tool","B","Importify","Yes (50% first month)","help.importify.com","Scraped listings from 25+ marketplaces"
"Dropshipping tool","B","Eprolo","Yes (2% per sale, 12mo)","eprolo.com/affiliates","Long shipping, generic listings"
"Dropshipping tool","B","Sellvia","Yes (50% for 2mo)","affiliates.sellvia.com","Resold listings, high-ticket/TikTok stores"
"Dropshipping tool","B","HyperSKU","Yes (up to 2% 12mo + $25/ref)","hypersku.com/affiliate","Shipping + generic-listing issues"
"Dropshipping tool","B","Modalyst","Yes (25% recurring)","modalyst.co","Resold supplier listings, availability mismatches"
"Dropshipping tool","B","Trendsi","Yes (5% first 6mo, via Sovrn)","viglink/Sovrn","Fashion; image/sizing/availability mismatch"
"Dropshipping tool","B","Inventory Source","Yes (recurring, ShareASale)","partners@inventorysource.com","Bulk feeds, inconsistent data; human partnership route"
"Print-on-demand","B","Printful","Yes (10% for 12mo)","printful.com/affiliates","Trademark/copyright designs + generic mockups"
"Print-on-demand","B","Printify","Yes (5% for 12mo)","printify.com/affiliate","Copyrighted design risk + duplicate mockups"
"Print-on-demand","B","Gelato","Yes (15-20%, 12mo)","gelato.com/affiliates","Trademark/IP design risk + generic templates"
"Product research","A — join today","Sell The Trend","Yes (20-30% recurring)","sellthetrend.com/Affiliate","Fresh stores around untested trending products"
"Product research","A — join today","PPSPY","Yes (30% recurring)","ppspy.com/affiliate","Pushes trending products onto new Shopify stores"
"Product research","A — join today","Shophunter.io","Yes (30% recurring)","affiliate.shophunter.io","Used to clone top-selling stores/products"
"Product research / ad spy","A — join today","Winning Hunter","Yes (30%; free w/ 3 referrals)","partner.winninghunter.com","New stores on unproven viral products"
"Product research / ad spy","A — join today","Minea","Yes (30%)","minea.com (dashboard)","Copy viral ad products into new stores"
"Product research","A — join today","ZIK Analytics","Yes (recurring)","zikanalytics.com/affiliate","Arbitrage/new-store sellers"
"Ad spy","B","AdSpy","Yes (50%)","via affilisting.com directory","Replicate trending ad products"
"Product research","B","Dropship.io","Yes (links/banners)","dropship.io","Weekly winning-product drops fuel untested stores"
"Ad spy","B","BigSpy","Yes (20% lifetime)","affpaying.com/bigspy","Viral products copied into new stores"
"Product research","B","Ecomhunt","Yes (rate unspecified)","ecomhunt.leaddyno.com","Daily winning AliExpress products for beginners"
"Ad spy","B","PowerAdSpy","Yes (30% lifetime)","poweradspy.com/affiliates","Viral product/ad discovery"
"Feed management","A — join today","DataFeedWatch (Cart.com)","Yes (10% recurring)","datafeedwatch.com/partnership","17k+ merchants; feed errors = top suspension cause"
"Feed management","A — join today","Channable","Yes (up to 20% recurring)","channable.com/partner-program","1,200+ agencies/brands running Shopping feeds"
"Feed management","B","Koongo","Yes (free affiliate program)","my.koongo.com/affiliates","Feed automation for 1,500+ stores"
"Feed management","B","Shoptimised (UK)","Yes (lifetime rev-share)","scott@shoptimised.com","Merchants tweaking titles/feeds risk disapprovals; human route"
"Feed management","C — co-market only","Feedonomics (BigCommerce)","Partial ($100 referral)","feedonomics.com/partners","Overlaps your service — co-marketing, not commission"
"Feed management","C — co-market only","Productsup","Yes (opportunity-based)","partners.productsup.com","Enterprise; overlaps — co-marketing"
"Feed management","C — co-market only","Simprosys","No cash (agency partner only)","simprosys.com/partnership","90,000+ Shopify/Woo merchants — huge reach, co-market"
"Feed management","C — verify","AdNabu / Wixpa / FeedOn.ai / GoDataFeed","Unknown","direct email","Program unconfirmed; email to ask"
"PPC automation","A — join today","Optmyzr","Yes (10% recurring)","optmyzr.tapfiliate.com (founder Frederick Vallaeys)","Users run Shopping/PMax needing live feed"
"Analytics/attribution","A — join today","Triple Whale","Yes (up to 25% recurring)","triplewhale.com/affiliates","Shopify brands running Shopping/PMax"
"Ads automation","B","Madgicx","Yes (partner program)","madgicx.com","Ecommerce advertisers on Shopping/PMax"
"PPC audit","B","Adalysis","Yes (10% recurring lifetime)","adalysis.com/affiliate-program","Agencies managing Shopping campaigns"
"Ads automation","B","Revealbot","Yes (15% for 12mo)","revealbot.com/partner-program","Shopping advertisers"
"PPC budget","B","Shape.io (NinjaCat)","Yes (up to 30%)","setshape.com/affiliate-partner","Manages Google Shopping spend"
"PPC optimization","B","Adzooma","Yes ($30-199/sale)","adzooma.com via PartnerStack","Google/Bing incl. Shopping"
"Attribution","B","Northbeam","Yes (rev share)","northbeam.io/partner-program","High-spend Shopping/PMax advertisers"
"Shopify page builder","B","Debutify","Yes (25% new / 15% renewals)","debutify.com/affiliate","Theme popular with dropshippers"
"Shopify page builder","B","PageFly","Yes (50% mo1, 30% lifetime)","pagefly.io/pages/affiliate","Dropshippers/new stores on Shopping"
"Shopify page builder","B","GemPages","Yes (40% / 25% recurring)","partners.gempages.net","Young stores running Shopping"
"Shopify page builder","B","Replo","Yes (up to 50%, 12mo)","partnerships@replo.app","DTC paid-traffic landing pages; human route"
"Shopify page builder","B","EComposer","Yes (50% mo1, 20% lifetime)","ecomposer.io/pages/affiliate-program","New/dropship stores on Shopping"
"Shopify CRO/pages","B","Zipify","Yes (affiliate + agency)","zipify.com/affiliates","Built for paid-traffic advertisers"
"Page builder","B","Shogun","Yes (~20% rev share)","partnerships@getshogun.com","Shopify/BigCommerce; human route"
"Shopify app","B","Vitals","Yes (lifetime tiered)","vitals.app/affiliates-program","40+ tools, dropship/DTC advertisers"
"Email/SMS","B","Klaviyo","Yes (20% rev share)","klaviyo.com/partners","Customer base = Shopify merchants on Shopping"
"Reviews app","B","Loox","Yes (20% for 12mo)","loox.app/partners","Reviews feed Shopping ratings; 100k+ stores"
"Reviews app","B","Yotpo","Yes","affiliates@yotpo.com","Reviews merchants run Shopping; human route"
"CRO/upsell app","B","Upsell.com (ReConvert)","Yes","partnerships@upsell.com","Shopify paid-traffic advertisers"
"SEO app","C","Tapita SEO","Yes","tapita.io","SEO/feed-optimization users advertising on Google"
"Platform","B","Wix eCommerce","Yes ($100/sale)","wix.com/about/affiliates","New-store misrepresentation flags"
"Platform","B","Squarespace Commerce","Yes (~$200/signup, Impact)","squarespace.com/affiliates","New Commerce stores trip reviews"
"Platform","C","Ecwid by Lightspeed","Yes (partner program)","lightspeedhq.com/partners","Small/new sellers flagged"
"Google Ads / Shopping agency","A — warmest","ZATO Marketing","Already pays referral fees","zatomarketing.com/contact (Kirk Williams @PPCKirk)","Feed-First micro-agency; refers suspension cases now"
"Ecommerce growth agency","A","Inflow (goinflow.com)","Unknown","info@goinflow.com","Google Premier, retail-only; runs Shopping feeds daily"
"Full-service + feed mgmt","A","1Digital Agency","Unknown","1digitalagency.com/contact","Repairs Merchant Center Next disapprovals for 400+ brands"
"Google Shopping/Ads boutique","A","Yael Consulting","Unknown","yaelconsulting.com","Monitors Merchant Center daily for mass disapprovals"
"Google Shopping management","A","CSP Commerce","Unknown","cspcommerce.com","Managed service builds/manages Merchant Center"
"Feed mgmt + ecom SEO (UK)","A","Feedoptimise","Unknown","feedoptimise.com/contact-us","Advertises help with disapprovals + suspensions"
"Ecommerce PPC/SEO + feed","A","Zero Gravity Marketing","Unknown","zerogravitymarketing.com/about-us","Runs GMC feed compliance for PPC clients"
"PPC/Shopping + web + feed","A","OuterBox","Yes (white-label PPC)","outerboxdesign.com white-label","1,000+ clients, $105M+ Ads; built-in reseller channel"
"Google Ads/Shopping (borderline)","A — verify overlap","StubGroup","Markets suspension recovery","stubgroup.com/contact (John Horn)","3,000+ clients; borderline competitor — confirm before pitching"
"Google Ads/Shopping agency","A — has program","Logical Position","Yes (client referral program)","logicalposition.com/client-referral-program","~600 staff; large SMB Shopping book"
"Google Ads/Shopping agency","A — has program","JumpFly","Yes (agency partner program)","jumpfly.com/partnerships","Search + Shopping specialist"
"Shopping/Marketplaces/PPC","B","ROI Revolution","Unknown","roirevolution.com","290+ ecom clients; deep feed work"
"PPC (Google/Meta/Amazon)","B","Black Propeller","Unknown","blackpropeller.com","Ecom Shopping; $5M+/yr spend"
"Google Ads / ecom PPC","B","WebFX","Unknown","webfx.com partner forms","Premier Partner; large ecom Shopping accounts"
"Commerce / Shopping","B","Tinuiti","Unknown","tinuiti.com/services/commerce","Largest independent perf agency; huge Shopping volume"
"PPC / Google Ads","B","KlientBoost","Unknown","klientboost.com","250+ SaaS & ecom clients"
"Google Ads specialist","B","Solutions 8","Unknown","sol8.com","$100M+ Ads incl. ecom Shopping"
"PPC","B","Disruptive Advertising","Unknown","disruptiveadvertising.com","$450M+/yr across Google/Amazon"
"Google Ads + web design","B","SmartSites","Unknown","smartsites.com","Dedicated ecom-ads management"
"Paid Media / Shopping","B","Ignite Visibility","Unknown","John Lincoln on LinkedIn","Scales ecom via paid media + Shopping"
"SEO + PPC + CRO","B","Searchbloom","Unknown","searchbloom.com","Margin/Shopping strategies, mid-market+"
"PPC / paid media","B","Accelerated Digital Media","Unknown","accelerateddigitalmedia.com","Shopping/PMax for ecom + healthcare"
"Ecommerce + Amazon + PPC","B","Nuanced Media","Unknown","nuancedmedia.com","Multichannel feeds prone to misrepresentation"
"Google Ads for DTC","B","Hustle Marketers","Unknown","hustlemarketers.com","Clutch winner, Google Partner; DTC Shopping"
"DTC growth (Premier)","B","Pilothouse Digital","Unknown","pilothouse.co/google","Aggressive Shopping/search scaling for DTC"
"DTC ecommerce growth","B","Common Thread Collective","Unknown","taylor@commonthreadco.com","Scales $10M-$100M DTC on Google + Shopping"
"Shopify growth agency","A — has program","Digital Darts","Yes (partner program)","digitaldarts.com.au/partners","Runs Shopping for Shopify stores worldwide"
"Shopify Plus build + PPC","B","Swanky","Unknown","swankyagency.com/partner-page","Migrations + new feeds trigger suspensions"
"Shopify Plus build + mktg","B","Eastside Co","Unknown","experts@eastsideco.com","Replatforms/launches cause GMC review issues"
"Shopify build + SEO/PPC","B","Coalition Technologies","Unknown","coalitiontechnologies.com/shopify-plus-agency","Builds stores + runs Shopping"
"Shopify Plus build + growth","B","Superco","Unknown","first@superco.io","Launches/migrations cause GMC review issues"
"Shopify/BC/Adobe dev + ads","B","Trellis","Unknown","Shopify partner directory","Builds + advertises; feeds tied to builds"
"Shopify Plus full-service","B","Praella","Unknown","praella.com","Clients run Shopping on Shopify catalogs"
"Shopify Plus design","B","We Make Websites","Unknown","wemakewebsites.com","Stores feeding Shopping campaigns"
"Shopify Plus web design","B","Diff Agency","Unknown","diffagency.com","High-volume builds; launch = fresh GMC exposure"
"Enterprise Shopify (Platinum)","A — has program","Codal","Yes (partnerships)","codal.com/partners","Large catalogs = frequent feed disapprovals"
"Shopify Plus web design","B","Fuel Made","Unknown","fuelmade.com/pages/contact","New storefronts hit data-quality flags"
"Ecommerce web design","B","Mobikasa","Unknown","mobikasa.com","New launches trip GMC on first feed"
"Ecommerce SEO","B","Whitecap SEO","Unknown","info@whitecapseo.com","SEO clients also run Shopping feeds"
"Fractional CMO","C","Ian Rhodes (Ecommerce Growth Co.)","Unknown","ian@ecommercegrowth.com","DTC brands depend on Shopping/PMax"
"Google Ads/Shopping consultant","C","A Group Consulting","Unknown","agroupconsulting.com","Shopify-recommended Shopping/Merchant Center specialist"
"Fractional CMO (DTC)","C","Shashank Shalabh","Unknown","shashankshalabh.com","Paid acquisition for $2M-$50M DTC brands"
"Ecom VA / feed outsourcing","C — high volume","Data4eCom / Team4eCom","Unknown","data4ecom.com","500+ staff; manages product feeds across channels"
"Ecommerce VA staffing","C — high volume","MyOutDesk","Unknown","myoutdesk.com/industries/ecommerce-virtual-assistants","VAs handle multi-channel listings/feeds"
"BPO / Shopify + ecom VA","C — high volume","BruntWork","Unknown","bruntwork.co/virtual-assistant-for-ecommerce","Places Shopify VAs + Google Ads analysts"
"YouTuber / blog (Google Shopping)","A — tightest fit","Store Growers (Dennis Moons)","Sponsorship","storegrowers.com/about","Pure Google Shopping/PMax/feed education — ideal fit"
"YouTuber (Google/Meta Ads)","A — tightest fit","Ben Heath","Sponsorship/Skool","heathmedia.co.uk; skool.com/benheath","500K+; pure ads-training audience"
"Slack community","A — has program","Online Geniuses","Yes (partner program)","onlinegeniuses.com/partner-with-us","53K+ members, largest marketing Slack"
"Podcast","A — has rate card","Perpetual Traffic","Sponsorship app","perpetualtraffic.com","13M+ downloads; paid-ads owners/CMOs"
"Podcast/blog/newsletter","A — has rate card","eCommerce Fastlane","Sponsorship","steve@ecommercefastlane.com","1.5M+ downloads; 73% store owners"
"Podcast/newsletter","A — has rate card","Ecommerce Coffee Break (Claus Lauter)","Sponsorship (2026 rate card)","hello@ecommercecoffeebreak.com","25K+ monthly listeners; DTC Google advertisers"
"Newsletter","A","DTC Newsletter (directtoconsumer.co)","Sponsorship (classifieds ~$480)","directtoconsumer.co/advertising","~155K readers running Shopping/PMax"
"Subreddit","A — highest intent","r/PPC","Modmail / Reddit Ads","modmail","~251K; GMC suspension is a recurring thread"
"Facebook group","A — highest intent","GMC USA","Admin","facebook.com/groups/gmcusa","GMC-suspension-specific group — likely highest intent"
"Subreddit","B","r/GoogleAds","Modmail","modmail","Core Shopping advertisers"
"YouTuber (dropshipping)","A — high cohort","The Ecom King (Kamil Sattar)","Sponsorship","kamilsattar@e-commercementoring.com","585K; new dropshippers running Google Ads"
"YouTuber (dropshipping)","B — big reach","Jordan Welch","Business inquiry form","channel About","~1.65M; beginner dropshippers launching stores"
"YouTuber (dropshipping)","B — big reach","Biaheza","Link in bio","channel About","~1.4M; one-product dropshipping + ads"
"YouTuber (dropshipping + agency)","B — big reach","Sebastian Ghiorghiu","Channel About","TikTok @officialsebghiorghiu","~850K-1M; also runs a Google Ads agency"
"YouTuber (DTC)","B","Davie Fogarty","Email","davie@davie.co","~700K; DTC builders on Google+Meta"
"YouTuber (dropshipping)","B","Franklin Hatchett","Ecom Elites site","channel About","~597K; explicit Google Ads module"
"YouTuber (dropshipping)","B","AC Hampton","Supreme Ecom site","channel About","~410K; Shopify dropshipping + paid ads"
"YouTuber (dropshipping)","B","Hayden Bowles","Performance Dropshipping site","channel About","~320K; paid-ads heavy"
"YouTuber (dropshipping)","C","Verum Ecom (John Yoon)","verumecom.com","contact","~122K; genuine Shopify dropshipping"
"YouTuber (dropshipping)","C","Scott Hilse","simplifieddropshipping.com","IG @scott.hilse","~102K; One Product Store + paid ads"
"YouTuber (ecom ads)","C","Nick Theriot","nicktheriot.org","contact","Ecom paid-ads scaling (mostly Meta)"
"Course + community","A — has affiliate","Anton Kraly (Drop Ship Lifestyle)","Yes (affiliate program)","dropshiplifestyle.com/about","High-ticket dropshipping on Google Ads"
"Course + mastermind","A — has affiliate","Foundr (Start & Scale)","Yes (affiliate program)","help.foundr.com/how-to-be-a-foundr-affiliate","Mastermind 5,000+ owners scaling on Google"
"Courses + community","B","Kevin David","support@officialkevindavid.com","Affiliate Bootcamp","Shopify dropshipping + paid ads"
"Mentorship + community (UK)","B","Lewis Smith (Dropship Unlocked)","dropshipunlocked.com/training","contact","UK high-ticket dropshipping on Google Shopping"
"Mastermind + courses","B","Super Tan Brothers","supertanbros.com","contact","7-9 figure dropshippers, heavy Google/FB spend"
"Course (beginner)","C","Tan Choudhury (Ecom Mastery)","site contact / YouTube","contact","Beginner dropshippers launching GMC stores"
"Subreddit","B","r/shopify","Modmail","modmail","340K+"
"Subreddit","B","r/dropship","Modmail","modmail","~130K"
"Subreddit","C","r/ecommerce","Modmail","modmail","100K+"
"Facebook group","B","Ecom Empires (Nick Peroni)","ecomempires.co / admin","admin","~104K"
"Facebook group","B","Shopify Entrepreneurs (HeyCarson)","HeyCarson / Jonathan Kennedy","admin","100K+"
"Facebook group","B","Alex Fedotoff eCom group","Group admin","admin","~50K high spenders"
"Facebook group","C","Justin Cener eCommerce group","Group admin","admin","50K+"
"Private forum","B","eCommerceFuel","ecommercefuel.com partnerships","partnerships","~1,000 vetted 7-8 fig owners"
"Forum","C","Warrior Forum (Dropshipping)","Paid WSO / banners","ads","Large"
"Discord","C","Mavenport","Server admin","admin","~40K"
"Discord","C","Rippy Club","Server admin","admin","48K+ free"
"Media/newsletter","B","Search Engine Journal","Media kit","site","~710K monthly, 75K subs"
"Media/newsletter","B","Search Engine Land (Semrush)","Semrush media sales","sales","Web + daily email"
"Media/newsletter","B","Future Commerce","futurecommerce.com/advertise","ads","~240K monthly, ~15K newsletter"
"Newsletter","B","Retail Brew (Morning Brew)","morningbrewinc.com","sales","~130K+ subs"
"Newsletter","C","Marketing Brew (Morning Brew)","morningbrewinc.com","sales","Large"
"Media","C","Modern Retail (Digiday)","modernretail.co/advertise","ads","Web + newsletters"
"Newsletter","C","2PM","2pml.com/about","contact","Hundreds of thousands (unverified)"
"Newsletter","C — verify sunset","The PPC Edge / PPC Mastery","support@ppcmastery.com","contact","~11K subs; founder mentioned sunsetting — verify"
"Podcast","B","The Unofficial Shopify Podcast (Kurt Elster)","media.ethercycle.com","welcome packet","~6K downloads/week, 2M+ total"
"Podcast","B","eCommerce MasterPlan (Chloe Thomas)","ecommercemasterplan.com/sponsorship","sponsorship","Long-running"
"Podcast","C","The Dropship Podcast (Dropship Breakthru)","support@dropshipbreakthru.com","contact","Weekly"
"Podcast","C","Ecommerce Paradise (Trevor Fenner)","podcast.ecommerceparadise.com","contact","High-ticket dropshipping"
"Podcast","A — tightest fit","Guided PPC (Google Ads Podcast)","guidedppc.com / LinkedIn","contact","Google Ads/feed-errors focus"
"Podcast","A — tightest fit","The Paid Search Podcast","paidsearchpodcast.com","contact","500+ episodes, Google Ads focus"
"Podcast","C","My Wife Quit Her Job (Steve Chou)","mywifequitherjob.com","contact","Long-running ecom"
"Podcast","C","Limited Supply (Nik Sharma & Moiz Ali)","visit.nik.co/limited-supply","contact","Premium DTC"
"Directory (ecom-native)","A — free win","1800DTC (1-800-D2C)","1800dtc.com/get-listed","listing","3,000+ tools, 20K+ DTC operators — best-fit directory"
"Review directory","A — free win","G2","Add your product","free listing","~3.5M monthly"
"Review directory","A — free win","Capterra / GetApp / Software Advice","Gartner Digital Markets vendor portal","one listing = all 3","200M+ annual buyer network"
"Launch platform","A — free win","Product Hunt","Self-serve launch","submission","~4.5-8M monthly"
"LTD deal site","C — needs special offer","AppSumo","partners@appsumo.com","apply","Needs a one-time/credits offer (your $99 model isn't typical LTD)"
"Directory","C — free win","SaaSHub","Free self-submit","listing","Software directory"
"Directory","C — free win","AlternativeTo","Add application","listing","Large"
"Directory","C","Commerce Caffeine","Submit Your Tool","listing","Ecommerce tool directory — verify flow"
"LTD deal sites","C","PitchGround / SaaS Mantra / DealMirror","Launch/submit pages","apply","LTD-oriented; custom deal needed"
